{
  "session_timestamp": "2026-04-23_14-47-04",
  "parameters": {
    "marker_size_cm": 1.5,
    "calibration_model": {
      "type": 5,
      "poly_Kgeom": [
        0.0038141230533393403,
        -0.1964844923186155,
        3.2973130710917578
      ]
    },
    "focal_length_px": 660.7725095621178
  },
  "summary": {
    "total_frames": 35,
    "midas_inferences": 35,
    "avg_cup_height_cm": 11.398591516128988,
    "min_cup_height_cm": 11.354545156818917,
    "max_cup_height_cm": 11.434261555651041,
    "std_dev_cup_height_cm": 0.0176999872126414,
    "avg_z_tray_cm": 22.564285714285713
  },
  "frame_metrics_history": {
    "frame_indices": [
      1,
      2,
      3,
      4,
      5,
      6,
      7,
      8,
      9,
      10,
      11,
      12,
      13,
      14,
      15,
      16,
      17,
      18,
      19,
      20,
      21,
      22,
      23,
      24,
      25,
      26,
      27,
      28,
      29,
      30,
      31,
      32,
      33,
      34,
      35
    ],
    "z_tray_history": [
      22.61,
      22.56,
      22.83,
      22.57,
      22.57,
      22.08,
      22.69,
      22.49,
      22.93,
      22.62,
      22.73,
      22.81,
      22.58,
      21.57,
      22.69,
      22.59,
      22.61,
      22.57,
      22.82,
      22.71,
      22.67,
      22.67,
      21.39,
      22.49,
      22.64,
      22.68,
      23.21,
      22.54,
      22.64,
      22.58,
      22.52,
      22.43,
      22.63,
      22.49,
      22.54
    ],
    "cup_height_history": [
      11.398356057449506,
      11.395519994980166,
      11.409810297378648,
      11.403527035223304,
      11.38981211689497,
      11.366088310504981,
      11.391709494432083,
      11.387342671802857,
      11.41099055564127,
      11.407143861166858,
      11.411154248221854,
      11.409042337529193,
      11.413224516132248,
      11.362141503378934,
      11.379496474396287,
      11.384954751133435,
      11.399281499696976,
      11.396683316730217,
      11.409932605074676,
      11.411758252448028,
      11.41056087655916,
      11.409782582231397,
      11.354545156818917,
      11.372805976751453,
      11.383482852219672,
      11.392773726633749,
      11.434261555651041,
      11.42736985402049,
      11.428589853041963,
      11.416298239777625,
      11.404962266809035,
      11.39275507858887,
      11.395868915151313,
      11.390046295270356,
      11.398629934773044
    ]
  },
  "screenshots": []
}