{
  "session_timestamp": "2026-04-21_09-42-09",
  "parameters": {
    "marker_size_cm": 1.5,
    "alpha": 1.08,
    "focal_length_px": 660.7725095621178
  },
  "summary": {
    "total_frames": 47,
    "midas_inferences": 47,
    "avg_cup_height_cm": 6.662622532153297,
    "min_cup_height_cm": 2.9586173161019396,
    "max_cup_height_cm": 9.079027699299436,
    "std_dev_cup_height_cm": 1.6484256631504541,
    "avg_z_tray_cm": 24.140425531914893
  },
  "frame_metrics_history": {
    "frame_indices": [
      1,
      2,
      3,
      4,
      5,
      6,
      7,
      8,
      9,
      10,
      11,
      12,
      13,
      14,
      15,
      16,
      17,
      18,
      19,
      20,
      21,
      22,
      23,
      24,
      25,
      26,
      27,
      28,
      29,
      30,
      31,
      32,
      33,
      34,
      35,
      36,
      37,
      38,
      39,
      40,
      41,
      42,
      43,
      44,
      45,
      46,
      47
    ],
    "z_tray_history": [
      23.85,
      24.26,
      24.29,
      24.09,
      24.01,
      23.95,
      24.02,
      24.78,
      24.2,
      24.11,
      24.2,
      24.16,
      24.03,
      24.09,
      24.22,
      24.16,
      24.23,
      23.89,
      24.08,
      23.95,
      24.02,
      24.1,
      24.26,
      24.43,
      24.16,
      24.02,
      24.14,
      23.69,
      24.26,
      24.2,
      24.23,
      24.09,
      23.89,
      24.23,
      24.12,
      24.27,
      24.12,
      24.14,
      24.3,
      24.2,
      24.12,
      24.63,
      23.86,
      24.16,
      24.09,
      24.06,
      24.24
    ],
    "cup_height_history": [
      2.9586173161019396,
      3.8914226870490745,
      4.76029315767965,
      4.4007674019347345,
      4.105082282320226,
      4.0118244879098635,
      4.442624689234926,
      4.324785809412016,
      4.41890664306598,
      4.403557859929415,
      4.986048523768909,
      5.361232465013627,
      5.563025432891434,
      5.622188825122938,
      5.297845016748274,
      5.329247174889636,
      5.853337380165158,
      6.339272735650333,
      6.910615289675679,
      7.446972458428808,
      7.967332550111487,
      7.166318038910418,
      7.902018069974749,
      8.205805372191744,
      8.224852494260418,
      8.253238365759366,
      8.680857304899812,
      8.96755547753248,
      9.079027699299436,
      8.887001237382648,
      7.794847094091533,
      8.085281400662984,
      8.253097857266798,
      8.218991637380412,
      7.956056655155455,
      7.8901320474057535,
      7.7813313167266225,
      7.84256956963047,
      7.951262575397163,
      8.0095191792377,
      7.81801885660437,
      7.7747304194621005,
      7.1291202660175275,
      6.606375932827752,
      7.023580251159603,
      6.390537105380219,
      6.856132599483281
    ]
  },
  "screenshots": [
    "screenshots/fusion_2026-04-21_094207.jpg"
  ]
}