{
  "session_timestamp": "2026-04-21_09-36-31",
  "parameters": {
    "marker_size_cm": 1.5,
    "alpha": 0.76,
    "focal_length_px": 660.7725095621178
  },
  "summary": {
    "total_frames": 147,
    "midas_inferences": 56,
    "avg_cup_height_cm": 12.299567738459883,
    "min_cup_height_cm": 10.713625082540316,
    "max_cup_height_cm": 15.60052021279542,
    "std_dev_cup_height_cm": 1.1757088033495229,
    "avg_z_tray_cm": 23.820000000000004
  },
  "frame_metrics_history": {
    "frame_indices": [
      1,
      2,
      3,
      4,
      5,
      6,
      7,
      8,
      9,
      10,
      11,
      12,
      13,
      14,
      15,
      16,
      17,
      18,
      19,
      20,
      21,
      22,
      23,
      24,
      25,
      26,
      27,
      28,
      29,
      30,
      31,
      32,
      33,
      34,
      35,
      36,
      37,
      38,
      39,
      40,
      41,
      42,
      43,
      45,
      46,
      47,
      49,
      50,
      51,
      52,
      53,
      54,
      55,
      57,
      58,
      59,
      60,
      61,
      62,
      63,
      64,
      65,
      66,
      67,
      68,
      69,
      70,
      72,
      73,
      74,
      75,
      76,
      77,
      78,
      79,
      80,
      81,
      82,
      83,
      84,
      85,
      86,
      87,
      89,
      90,
      91,
      92,
      93,
      95,
      98,
      99,
      100,
      102,
      103,
      104,
      105,
      107,
      108,
      110,
      111,
      112,
      113,
      114,
      115,
      116,
      118,
      119,
      120,
      121,
      122,
      123,
      124,
      125,
      128,
      129,
      130,
      131,
      132,
      133,
      134,
      135,
      136,
      137,
      138,
      139,
      140,
      141,
      142,
      143,
      144,
      145,
      146,
      147
    ],
    "z_tray_history": [
      23.34,
      23.45,
      23.34,
      23.34,
      23.41,
      24.05,
      23.83,
      24.05,
      23.84,
      24.09,
      23.8,
      24.02,
      23.96,
      23.81,
      23.84,
      23.84,
      23.95,
      23.82,
      23.89,
      23.99,
      23.98,
      23.77,
      23.86,
      24.02,
      24.02,
      24.02,
      25.08,
      24.53,
      23.86,
      23.76,
      24.09,
      24.01,
      23.9,
      23.9,
      23.95,
      23.94,
      23.91,
      23.95,
      23.96,
      24.1,
      23.94,
      23.95,
      23.91,
      23.98,
      24.01,
      24.15,
      24.13,
      24.01,
      24.02,
      24.07,
      23.91,
      23.99,
      23.99,
      23.98,
      23.89,
      23.92,
      24.1,
      23.94,
      23.91,
      24.05,
      23.72,
      23.88,
      23.99,
      24.07,
      23.99,
      23.91,
      24.07,
      23.87,
      23.75,
      23.86,
      23.72,
      23.71,
      23.84,
      23.7,
      23.8,
      23.75,
      23.6,
      23.57,
      23.67,
      23.7,
      23.75,
      23.7,
      23.77,
      23.76,
      23.71,
      23.72,
      23.76,
      23.66,
      23.69,
      23.74,
      23.71,
      23.71,
      23.7,
      23.66,
      23.73,
      23.75,
      23.62,
      23.73,
      23.71,
      23.68,
      23.62,
      23.68,
      23.86,
      23.82,
      23.69,
      23.7,
      23.65,
      23.62,
      23.7,
      23.63,
      23.25,
      23.28,
      23.1,
      23.23,
      23.28,
      23.44,
      23.39,
      23.41,
      23.52,
      23.48,
      23.82,
      23.91,
      23.76,
      23.98,
      23.87,
      23.98,
      23.96,
      24.05,
      24.15,
      24.04,
      23.98,
      23.68,
      23.98
    ],
    "cup_height_history": [
      13.156223400861089,
      13.16282459010167,
      12.922212685037223,
      12.512873389040335,
      12.315836419343952,
      11.394931679756663,
      10.858871315794229,
      11.290486298542866,
      11.568626194237373,
      11.810543845539174,
      11.805461507056457,
      11.140873423796343,
      11.338672871500972,
      11.404100182029858,
      10.977282834355716,
      11.339451451932648,
      11.628893023236689,
      11.948457325417404,
      12.456002239135604,
      12.832369543396243,
      13.200241319912806,
      13.39717952713324,
      13.663101032399062,
      14.085202580870307,
      0.0,
      15.60052021279542,
      15.217904342996764,
      15.136550674902326,
      14.804548466466985,
      14.41064428132504,
      14.09100706059637,
      13.687585780403762,
      12.776277696800534,
      12.063403931015797,
      11.96322606501484,
      11.94598854799314,
      11.932567240218978,
      0.0,
      0.0,
      0.0,
      0.0,
      0.0,
      0.0,
      0.0,
      0.0,
      0.0,
      0.0,
      0.0,
      0.0,
      0.0,
      0.0,
      0.0,
      0.0,
      0.0,
      0.0,
      0.0,
      0.0,
      0.0,
      0.0,
      0.0,
      0.0,
      0.0,
      0.0,
      0.0,
      0.0,
      0.0,
      0.0,
      0.0,
      0.0,
      0.0,
      0.0,
      0.0,
      0.0,
      0.0,
      0.0,
      0.0,
      0.0,
      0.0,
      0.0,
      0.0,
      0.0,
      0.0,
      0.0,
      0.0,
      0.0,
      0.0,
      0.0,
      0.0,
      0.0,
      0.0,
      0.0,
      0.0,
      0.0,
      0.0,
      0.0,
      0.0,
      0.0,
      0.0,
      0.0,
      0.0,
      0.0,
      0.0,
      0.0,
      0.0,
      0.0,
      0.0,
      0.0,
      0.0,
      0.0,
      0.0,
      0.0,
      0.0,
      0.0,
      10.713625082540316,
      10.833954178000248,
      11.182811429128233,
      11.495321246953733,
      11.737570517979513,
      11.821776836725117,
      11.870324042197307,
      12.083660121940742,
      12.185524154765334,
      12.047161101308085,
      10.77935105161722,
      11.083123769331195,
      11.47875643332151,
      11.816133453574336,
      11.962388507609829,
      12.127438896610514,
      12.109142545457868,
      12.055074940393023,
      11.81529740900245,
      11.736414654339002
    ]
  },
  "screenshots": [
    "screenshots/fusion_2026-04-21_093628.jpg"
  ]
}