{
  "session_timestamp": "2026-04-20_17-01-20",
  "parameters": {
    "marker_size_cm": 1.6,
    "alpha": 0.85,
    "focal_length_px": 660.7725095621178
  },
  "summary": {
    "total_frames": 12,
    "midas_inferences": 3,
    "avg_cup_height_cm": 12.40246280403204,
    "min_cup_height_cm": 11.61582297655209,
    "max_cup_height_cm": 12.963125208724815,
    "std_dev_cup_height_cm": 0.5727740525498414,
    "avg_z_tray_cm": 25.905
  },
  "frame_metrics_history": {
    "frame_indices": [
      1,
      2,
      3,
      4,
      5,
      6,
      7,
      8,
      9,
      10,
      11,
      12
    ],
    "z_tray_history": [
      25.77,
      25.69,
      25.78,
      25.71,
      26.56,
      25.72,
      25.72,
      25.99,
      26.06,
      26.06,
      26.06,
      25.74
    ],
    "cup_height_history": [
      0.0,
      0.0,
      0.0,
      0.0,
      0.0,
      0.0,
      0.0,
      0.0,
      0.0,
      12.963125208724815,
      12.628440226819219,
      11.61582297655209
    ]
  },
  "screenshots": []
}