{
  "session_timestamp": "2026-04-23_14-40-37",
  "parameters": {
    "marker_size_cm": 1.5,
    "calibration_model": {
      "type": 5,
      "poly_Kgeom": [
        -0.0007402070401341682,
        0.023955656189021755,
        0.532157658533679
      ]
    },
    "focal_length_px": 660.7725095621178
  },
  "summary": {
    "total_frames": 979,
    "midas_inferences": 239,
    "avg_cup_height_cm": 7.666703096728403,
    "min_cup_height_cm": 7.499714078584553,
    "max_cup_height_cm": 8.035642425546559,
    "std_dev_cup_height_cm": 0.1004510950905459,
    "avg_z_tray_cm": 20.74678756476684
  },
  "frame_metrics_history": {
    "frame_indices": [
      4,
      5,
      6,
      7,
      8,
      9,
      10,
      11,
      12,
      13,
      14,
      15,
      16,
      17,
      18,
      19,
      20,
      21,
      22,
      23,
      24,
      25,
      26,
      27,
      28,
      29,
      30,
      31,
      32,
      33,
      34,
      35,
      36,
      37,
      38,
      39,
      40,
      41,
      42,
      43,
      44,
      45,
      46,
      47,
      48,
      49,
      50,
      51,
      52,
      53,
      54,
      55,
      56,
      57,
      58,
      59,
      60,
      61,
      62,
      63,
      64,
      65,
      66,
      67,
      68,
      69,
      70,
      71,
      72,
      73,
      74,
      75,
      76,
      77,
      78,
      79,
      80,
      81,
      82,
      83,
      84,
      85,
      86,
      87,
      88,
      89,
      90,
      91,
      92,
      93,
      94,
      95,
      96,
      97,
      98,
      99,
      100,
      101,
      102,
      103,
      104,
      105,
      106,
      107,
      108,
      109,
      110,
      111,
      112,
      113,
      114,
      115,
      116,
      117,
      118,
      119,
      120,
      121,
      122,
      123,
      124,
      125,
      126,
      127,
      128,
      129,
      130,
      131,
      132,
      133,
      134,
      135,
      136,
      137,
      138,
      139,
      140,
      141,
      142,
      143,
      144,
      145,
      146,
      147,
      148,
      149,
      150,
      151,
      152,
      153,
      154,
      155,
      156,
      157,
      158,
      159,
      160,
      161,
      162,
      163,
      164,
      165,
      166,
      167,
      168,
      169,
      170,
      171,
      172,
      173,
      174,
      175,
      176,
      177,
      178,
      179,
      180,
      181,
      182,
      183,
      184,
      185,
      186,
      187,
      188,
      189,
      190,
      191,
      192,
      193,
      194,
      195,
      196,
      197,
      198,
      199,
      200,
      201,
      202,
      203,
      204,
      205,
      206,
      207,
      208,
      209,
      215,
      216,
      217,
      218,
      219,
      220,
      221,
      222,
      223,
      224,
      225,
      226,
      227,
      228,
      229,
      230,
      231,
      232,
      233,
      234,
      235,
      236,
      237,
      238,
      239,
      240,
      241,
      242,
      243,
      244,
      245,
      246,
      247,
      248,
      249,
      255,
      260,
      265,
      270,
      275,
      280,
      285,
      290,
      295,
      300,
      305,
      310,
      315,
      320,
      325,
      330,
      335,
      340,
      345,
      350,
      355,
      360,
      365,
      370,
      375,
      380,
      385,
      390,
      395,
      400,
      405,
      410,
      415,
      420,
      425,
      430,
      435,
      440,
      445,
      450,
      455,
      460,
      465,
      470,
      475,
      480,
      485,
      490,
      495,
      500,
      505,
      510,
      515,
      520,
      525,
      530,
      535,
      540,
      545,
      550,
      555,
      560,
      565,
      570,
      575,
      580,
      585,
      590,
      595,
      600,
      605,
      610,
      615,
      620,
      625,
      630,
      635,
      640,
      645,
      650,
      655,
      660,
      665,
      670,
      675,
      680,
      685,
      690,
      695,
      700,
      705,
      710,
      715,
      720,
      725,
      730,
      735,
      740,
      745,
      750,
      755,
      760,
      765,
      770,
      775,
      780,
      785,
      790,
      795,
      800,
      805,
      810,
      815,
      820,
      825,
      830,
      835,
      840,
      845,
      850,
      855,
      860,
      865,
      870,
      875,
      880,
      885,
      890,
      895,
      900,
      905,
      910,
      915,
      920,
      925,
      930,
      935,
      940,
      945,
      950,
      955,
      960,
      965,
      970,
      975
    ],