{
  "session_timestamp": "2026-04-21_10-34-31",
  "parameters": {
    "marker_size_cm": 1.5,
    "alpha": 1.08,
    "focal_length_px": 660.7725095621178
  },
  "summary": {
    "total_frames": 63,
    "midas_inferences": 63,
    "avg_cup_height_cm": 2.5135799629362876,
    "min_cup_height_cm": 0.5935644343497373,
    "max_cup_height_cm": 6.071419029628091,
    "std_dev_cup_height_cm": 0.7921785693420125,
    "avg_z_tray_cm": 20.234920634920634
  },
  "frame_metrics_history": {
    "frame_indices": [
      1,
      2,
      3,
      4,
      5,
      6,
      7,
      8,
      9,
      10,
      11,
      12,
      13,
      14,
      15,
      16,
      17,
      18,
      19,
      20,
      21,
      22,
      23,
      24,
      25,
      26,
      27,
      28,
      29,
      30,
      31,
      32,
      33,
      34,
      35,
      36,
      37,
      38,
      39,
      40,
      41,
      42,
      43,
      44,
      45,
      46,
      47,
      48,
      49,
      50,
      51,
      52,
      53,
      54,
      55,
      56,
      57,
      58,
      59,
      60,
      61,
      62,
      63
    ],
    "z_tray_history": [
      20.25,
      20.52,
      20.52,
      20.52,
      20.52,
      20.52,
      20.32,
      20.32,
      20.35,
      20.52,
      20.52,
      20.49,
      20.13,
      20.24,
      20.46,
      20.29,
      20.17,
      20.32,
      20.32,
      20.0,
      20.26,
      20.27,
      19.84,
      20.01,
      20.89,
      20.33,
      20.33,
      20.14,
      20.14,
      20.22,
      20.22,
      20.17,
      20.17,
      20.17,
      20.17,
      20.17,
      20.08,
      20.08,
      20.04,
      20.04,
      20.08,
      19.77,
      20.31,
      20.31,
      20.28,
      20.08,
      20.39,
      20.39,
      20.39,
      19.94,
      20.23,
      20.11,
      20.15,
      20.21,
      19.95,
      19.95,
      20.08,
      20.11,
      20.02,
      20.13,
      20.21,
      20.21,
      20.46
    ],
    "cup_height_history": [
      0.5935644343497373,
      1.0701323087372359,
      1.515159688653469,
      1.8928619538373823,
      1.9776759371876906,
      2.0708514579605826,
      2.097117374252255,
      2.162666948644728,
      2.0592476247502653,
      2.0122243990779127,
      2.106677916642156,
      2.083963947143298,
      2.2147996971178925,
      2.425614637427621,
      2.6188525982126443,
      2.612046866029276,
      2.7135077377875136,
      2.7858272208139536,
      2.545275160126671,
      4.393020265932,
      6.071419029628091,
      4.398792563292134,
      3.849377035258462,
      3.8300813844572383,
      3.904148365137307,
      3.6313110818631884,
      3.291772153304624,
      3.1002666125017964,
      2.9706179629976655,
      2.814347436689371,
      2.6753090767580243,
      2.4542048437159822,
      2.4064456698960446,
      2.2247617462556075,
      2.032979097930528,
      2.1542224745389755,
      2.4105657902160615,
      2.431572586510427,
      2.4926614191878684,
      2.309792375834906,
      2.090678734648991,
      1.9846208974223165,
      1.91781635079349,
      2.1410088442857838,
      2.4755850288661767,
      2.53798444113454,
      2.677546563288363,
      2.5222262945735565,
      2.5077157169018633,
      2.4584520411227047,
      2.4931391860936714,
      2.562955795578125,
      2.51952889781026,
      2.4038836081889268,
      2.296097102766833,
      2.0935515357303345,
      2.0072856026455472,
      2.1150946824700343,
      2.138300609711863,
      1.9499207447331293,
      2.069919110594113,
      2.3705558712156694,
      2.6159331237512413
    ]
  },
  "screenshots": [
    "screenshots/fusion_2026-04-21_103428.jpg"
  ]
}