{
  "session_timestamp": "2026-04-23_15-02-32",
  "parameters": {
    "marker_size_cm": 1.5,
    "calibration_model": {
      "type": 5,
      "poly_Kgeom": [
        9.685127781606354e-05,
        -0.008663945824654984,
        0.9870805197727655
      ]
    },
    "focal_length_px": 660.7725095621178
  },
  "summary": {
    "total_frames": 7,
    "midas_inferences": 7,
    "avg_cup_height_cm": 11.430268305323242,
    "min_cup_height_cm": 11.394632219751934,
    "max_cup_height_cm": 11.50058916855686,
    "std_dev_cup_height_cm": 0.03134514528601057,
    "avg_z_tray_cm": 26.805714285714284
  },
  "frame_metrics_history": {
    "frame_indices": [
      1,
      2,
      3,
      4,
      5,
      6,
      7
    ],
    "z_tray_history": [
      26.75,
      26.91,
      26.84,
      26.58,
      26.8,
      27.33,
      26.43
    ],
    "cup_height_history": [
      11.417037521821982,
      11.426488457201057,
      11.435104942214167,
      11.394632219751934,
      11.409099011602269,
      11.50058916855686,
      11.42892681611443
    ]
  },
  "screenshots": []
}