{
  "session_timestamp": "2026-04-22_16-28-26",
  "parameters": {
    "marker_size_cm": 1.5,
    "calibration_model": {
      "type": 3,
      "poly_K": [
        -0.007115297089114794,
        0.3245163843244929,
        -2.691244548577903
      ]
    },
    "focal_length_px": 660.7725095621178
  },
  "summary": {
    "total_frames": 50,
    "midas_inferences": 50,
    "avg_cup_height_cm": 5.920130378158479,
    "min_cup_height_cm": 4.756156296815808,
    "max_cup_height_cm": 7.345316838719141,
    "std_dev_cup_height_cm": 0.7411143012479752,
    "avg_z_tray_cm": 22.434
  },
  "frame_metrics_history": {
    "frame_indices": [
      1,
      2,
      3,
      4,
      5,
      6,
      7,
      8,
      9,
      10,
      11,
      12,
      13,
      14,
      15,
      16,
      17,
      18,
      19,
      20,
      21,
      22,
      23,
      24,
      25,
      26,
      27,
      28,
      29,
      30,
      31,
      32,
      33,
      34,
      35,
      36,
      37,
      38,
      39,
      40,
      41,
      42,
      43,
      44,
      45,
      46,
      47,
      48,
      49,
      50
    ],
    "z_tray_history": [
      26.41,
      26.42,
      26.8,
      26.24,
      26.15,
      26.32,
      27.4,
      26.54,
      26.22,
      26.37,
      26.37,
      26.29,
      26.39,
      26.27,
      26.24,
      26.34,
      26.52,
      27.57,
      26.77,
      23.6,
      20.78,
      20.78,
      21.07,
      20.63,
      20.96,
      21.23,
      21.19,
      21.39,
      21.13,
      21.29,
      21.14,
      21.09,
      20.64,
      20.62,
      21.14,
      21.47,
      21.07,
      21.01,
      20.96,
      21.32,
      20.61,
      18.7,
      16.81,
      16.64,
      16.75,
      16.93,
      16.74,
      16.59,
      16.77,
      17.02
    ],
    "cup_height_history": [
      6.511144888962646,
      6.748667039658985,
      6.966457191690712,
      6.722969732665682,
      6.683757502822893,
      6.6947355058216695,
      6.920425397295258,
      6.587665486371345,
      6.088272595677314,
      5.9508375702294485,
      6.097525954359135,
      6.0771563849051216,
      6.237157123251528,
      6.1867274522058,
      6.1001329120166385,
      5.990055698527657,
      5.692125453110476,
      6.403630517449011,
      6.607983425693652,
      5.993135045038589,
      5.621116747556,
      5.509144197165209,
      5.455374775231123,
      5.34769058427457,
      5.253001355618178,
      5.314023287348947,
      5.258333617624267,
      5.233895120274155,
      5.126810280628741,
      5.234476242661712,
      5.349380961597383,
      5.369738079645798,
      5.165657816320774,
      4.940569880650019,
      4.756156296815808,
      4.841560564043343,
      5.005466501658262,
      5.104895216285296,
      5.079393595600816,
      4.9098896294812295,
      4.8597167071891345,
      5.340858890351735,
      6.015582437204836,
      6.439496711903688,
      6.755140633327196,
      6.879796305533738,
      6.92627183348726,
      7.032945197086539,
      7.274255724885519,
      7.345316838719141
    ]
  },
  "screenshots": [
    "screenshots/fusion_2026-04-22_162825.jpg"
  ]
}