{
  "session_timestamp": "2026-04-29_13-36-23",
  "parameters": {
    "marker_size_cm": 2.0,
    "calibration_model": {
      "type": 5,
      "poly_Kgeom": [
        7.6903046865619,
        -175.2587965443776,
        998.9884447417793
      ]
    },
    "focal_length_px": 756.96
  },
  "summary": {
    "total_frames": 31,
    "midas_inferences": 0,
    "avg_cup_height_cm": 0.0,
    "min_cup_height_cm": 0.0,
    "max_cup_height_cm": 0.0,
    "std_dev_cup_height_cm": 0.0,
    "avg_z_tray_cm": 28.560333333333336
  },
  "frame_metrics_history": {
    "frame_indices": [
      1,
      2,
      3,
      4,
      5,
      6,
      7,
      8,
      9,
      10,
      11,
      12,
      13,
      14,
      15,
      16,
      17,
      18,
      19,
      20,
      21,
      22,
      23,
      24,
      25,
      26,
      27,
      28,
      29,
      30
    ],
    "z_tray_history": [
      28.45,
      28.44,
      28.43,
      28.71,
      28.44,
      28.47,
      28.47,
      28.45,
      28.66,
      28.7,
      28.64,
      28.43,
      28.42,
      28.71,
      28.44,
      28.43,
      28.4,
      28.44,
      28.42,
      28.46,
      28.73,
      28.82,
      28.77,
      28.46,
      28.71,
      28.4,
      28.73,
      28.71,
      28.77,
      28.7
    ],
    "cup_height_history": {
      "0": [
        0.0,
        0.0,
        0.0,
        0.0,
        0.0,
        0.0,
        0.0,
        0.0,
        0.0,
        0.0,
        0.0,
        0.0,
        0.0,
        0.0,
        0.0,
        0.0,
        0.0,
        0.0,
        0.0,
        0.0,
        0.0,
        0.0,
        0.0,
        0.0,
        0.0,
        0.0,
        0.0,
        0.0,
        0.0,
        0.0
      ],
      "1": [
        0.0,
        0.0,
        0.0,
        0.0,
        0.0,
        0.0,
        0.0,
        0.0,
        0.0,
        0.0,
        0.0,
        0.0,
        0.0,
        0.0,
        0.0,
        0.0,
        0.0,
        0.0,
        0.0,
        0.0,
        0.0,
        0.0,
        0.0,
        0.0,
        0.0,
        0.0,
        0.0,
        0.0,
        0.0,
        0.0
      ]
    }
  },
  "screenshots": []
}