{
  "type": 5,
  "profiles": {
    "7.6": {
      "poly_Kgeom": [
        -0.40748364933942394,
        12.301998838577235,
        -91.85146304428623
      ],
      "z_grid_points": [
        13.8100004196167,
        16.280000686645508,
        15.505000114440918
      ],
      "calibrated_at": "2026-04-29T14:15:28.017328"
    }
  }
}