{
  "type": 1,
  "K": 0.8601343484903371,
  "z_tray_ref_cm": 22.567999999999998,
  "ratio_ref": 1.2968674490065424,
  "true_height_cm": 7.6,
  "calibrated_at": "2026-04-22T10:19:50.275063"
}