{
  "type": 5,
  "poly_Kgeom": [
    -0.00637027201222688,
    0.29779932097727624,
    -2.7096082757725726
  ],
  "z_grid_points": [
    21.805,
    28.08,
    20.04
  ],
  "true_height_cm": 7.6,
  "calibrated_at": "2026-04-23T12:11:48.202602"
}