{
  "type": 5,
  "K_geom": 0.8074466082789051,
  "true_height_cm": 7.6,
  "calibrated_at": "2026-04-23T09:35:14.860006"
}