{
  "session_timestamp": "2026-04-23_14-43-18",
  "parameters": {
    "marker_size_cm": 1.5,
    "calibration_model": {
      "type": 5,
      "poly_Kgeom": [
        0.0009453392947175007,
        -0.03500493759067015,
        0.9194366970359699
      ]
    },
    "focal_length_px": 660.7725095621178
  },
  "summary": {
    "total_frames": 14,
    "midas_inferences": 11,
    "avg_cup_height_cm": 7.659124227727727,
    "min_cup_height_cm": 7.573082523951632,
    "max_cup_height_cm": 7.696966834940116,
    "std_dev_cup_height_cm": 0.04590467860364087,
    "avg_z_tray_cm": 18.183636363636364
  },
  "frame_metrics_history": {
    "frame_indices": [
      4,
      5,
      6,
      7,
      8,
      9,
      10,
      11,
      12,
      13,
      14
    ],
    "z_tray_history": [
      18.33,
      18.33,
      18.33,
      18.33,
      18.33,
      18.33,
      18.03,
      18.03,
      18.03,
      18.03,
      17.92
    ],
    "cup_height_history": [
      7.696966834940116,
      7.696966834940116,
      7.696966834940116,
      7.696966834940116,
      7.696966834940116,
      7.696966834940116,
      7.65940869906839,
      7.629307730331304,
      7.6097421006521975,
      7.597024441360778,
      7.573082523951632
    ]
  },
  "screenshots": []
}