{
  "session_timestamp": "2026-04-23_10-11-42",
  "parameters": {
    "marker_size_cm": 1.5,
    "calibration_model": {
      "type": 5,
      "poly_Kgeom": [
        -0.0007932268725029207,
        0.01566271487800538,
        0.8387167811494316
      ]
    },
    "focal_length_px": 660.7725095621178
  },
  "summary": {
    "total_frames": 7,
    "midas_inferences": 7,
    "avg_cup_height_cm": 7.580046802034672,
    "min_cup_height_cm": 7.557324591004762,
    "max_cup_height_cm": 7.592355416980053,
    "std_dev_cup_height_cm": 0.010783958253589408,
    "avg_z_tray_cm": 21.42142857142857
  },
  "frame_metrics_history": {
    "frame_indices": [
      1,
      2,
      3,
      4,
      5,
      6,
      7
    ],
    "z_tray_history": [
      21.38,
      21.49,
      21.36,
      21.38,
      21.56,
      21.47,
      21.31
    ],
    "cup_height_history": [
      7.557324591004762,
      7.582735859720894,
      7.5817360318744385,
      7.573192027570052,
      7.588239103046235,
      7.592355416980053,
      7.584744584046264
    ]
  },
  "screenshots": []
}