{
  "session_timestamp": "2026-04-22_10-20-03",
  "parameters": {
    "marker_size_cm": 1.5,
    "calibration_model": {
      "type": 1,
      "K": 0.8601343484903371
    },
    "focal_length_px": 660.7725095621178
  },
  "summary": {
    "total_frames": 4,
    "midas_inferences": 4,
    "avg_cup_height_cm": 7.573676655995733,
    "min_cup_height_cm": 7.544117072947403,
    "max_cup_height_cm": 7.655701541829541,
    "std_dev_cup_height_cm": 0.047410401873371935,
    "avg_z_tray_cm": 22.455
  },
  "frame_metrics_history": {
    "frame_indices": [
      1,
      2,
      3,
      4
    ],
    "z_tray_history": [
      22.43,
      22.47,
      22.48,
      22.44
    ],
    "cup_height_history": [
      7.655701541829541,
      7.549976787553874,
      7.54491122165212,
      7.544117072947403
    ]
  },
  "screenshots": []
}