{
  "session_timestamp": "2026-04-21_11-16-55",
  "parameters": {
    "marker_size_cm": 1.5,
    "K_factor": 0.7610745890727275,
    "focal_length_px": 660.7725095621178
  },
  "summary": {
    "total_frames": 28,
    "midas_inferences": 27,
    "avg_cup_height_cm": 8.032899051987796,
    "min_cup_height_cm": 7.742519753594259,
    "max_cup_height_cm": 8.194844878008443,
    "std_dev_cup_height_cm": 0.13428686034962925,
    "avg_z_tray_cm": 22.989999999999995
  },
  "frame_metrics_history": {
    "frame_indices": [
      2,
      3,
      4,
      5,
      6,
      7,
      8,
      9,
      10,
      11,
      12,
      13,
      14,
      15,
      16,
      17,
      18,
      19,
      20,
      21,
      22,
      23,
      24,
      25,
      26,
      27,
      28
    ],
    "z_tray_history": [
      22.97,
      22.97,
      22.94,
      22.89,
      22.89,
      22.85,
      22.85,
      22.85,
      23.16,
      23.16,
      23.16,
      23.13,
      22.87,
      22.87,
      22.98,
      23.17,
      22.99,
      22.97,
      22.97,
      22.97,
      22.97,
      22.97,
      22.97,
      23.12,
      23.03,
      23.03,
      23.03
    ],
    "cup_height_history": [
      7.786725992114984,
      7.742519753594259,
      7.84702119596254,
      7.950835040924526,
      8.06871024086294,
      8.146270174326519,
      8.145216613137332,
      8.07879073915798,
      8.150243022527311,
      8.171469729142014,
      8.192750506385455,
      8.194844878008443,
      8.183430756324935,
      8.141692963818102,
      8.114032255685274,
      8.167099697457537,
      8.083704802688626,
      8.04646898883891,
      8.041539577848024,
      7.956231426494742,
      7.907562267214503,
      7.880419419756086,
      7.784485180620881,
      7.9177375229697216,
      8.085993134754982,
      8.081632385633021,
      8.020846137420849
    ]
  },
  "screenshots": []
}