{
  "session_timestamp": "2026-04-23_11-22-23",
  "parameters": {
    "marker_size_cm": 1.5,
    "calibration_model": {
      "type": 6,
      "poly_m": [
        -0.02821277234871213,
        1.4359837096396249,
        -17.60714150582293
      ],
      "poly_c": [
        0.034519738633517455,
        -1.799457389463252,
        22.811198432724556
      ]
    },
    "focal_length_px": 660.7725095621178
  },
  "summary": {
    "total_frames": 11,
    "midas_inferences": 11,
    "avg_cup_height_cm": 11.38399157053697,
    "min_cup_height_cm": 11.084442251055822,
    "max_cup_height_cm": 11.629791905723364,
    "std_dev_cup_height_cm": 0.18209009976599455,
    "avg_z_tray_cm": 26.113636363636363
  },
  "frame_metrics_history": {
    "frame_indices": [
      1,
      2,
      3,
      4,
      5,
      6,
      7,
      8,
      9,
      10,
      11
    ],
    "z_tray_history": [
      25.76,
      26.14,
      26.29,
      26.14,
      26.09,
      25.91,
      26.34,
      26.2,
      26.2,
      26.11,
      26.07
    ],
    "cup_height_history": [
      11.545815068298754,
      11.312393067035266,
      11.084442251055822,
      11.101649786267313,
      11.167986144267232,
      11.477223237037325,
      11.39300302990998,
      11.454470482183492,
      11.629791905723364,
      11.55449476034172,
      11.502637543786388
    ]
  },
  "screenshots": []
}