{
  "session_timestamp": "2026-04-29_13-59-00",
  "parameters": {
    "marker_size_cm": 2.5,
    "calibration_model": {
      "type": 5,
      "poly_Kgeom": [
        -5.299065619338363,
        158.64490770918374,
        -1178.3191225845112
      ]
    },
    "focal_length_px": 756.96
  },
  "summary": {
    "total_frames": 7,
    "midas_inferences": 5,
    "avg_cup_height_cm": 0.0,
    "min_cup_height_cm": 0.0,
    "max_cup_height_cm": 0.0,
    "std_dev_cup_height_cm": 0.0,
    "avg_z_tray_cm": 15.6971435546875
  },
  "frame_metrics_history": {
    "frame_indices": [
      1,
      2,
      3,
      4,
      5,
      6,
      7
    ],
    "z_tray_history": [
      17.75,
      17.75,
      13.539999961853027,
      14.520000457763672,
      17.68000030517578,
      15.050000190734863,
      13.59000015258789
    ],
    "cup_height_history": {
      "0": [
        0.0,
        0.0,
        0.0,
        0.0,
        0.0,
        0.0,
        0.0
      ],
      "1": [
        0.0,
        0.0,
        0.0,
        0.0,
        0.0,
        0.0,
        0.0
      ]
    }
  },
  "screenshots": []
}