{
  "session_timestamp": "2026-04-29_14-17-47",
  "parameters": {
    "marker_size_cm": 2.5,
    "calibration_model": {
      "type": 5,
      "poly_Kgeom": [
        -0.40748364933942394,
        12.301998838577235,
        -91.85146304428623
      ]
    },
    "focal_length_px": 756.96
  },
  "summary": {
    "total_frames": 125,
    "midas_inferences": 97,
    "avg_cup_height_cm": 10.982272547778562,
    "min_cup_height_cm": 7.170286251292894,
    "max_cup_height_cm": 15.449267130402696,
    "std_dev_cup_height_cm": 3.282118853435624,
    "avg_z_tray_cm": 16.708799362182617
  },
  "frame_metrics_history": {
    "frame_indices": [
      1,
      2,
      3,
      4,
      5,
      6,
      7,
      8,
      9,
      10,
      11,
      12,
      13,
      14,
      15,
      16,
      17,
      18,
      19,
      20,
      21,
      22,
      23,
      24,
      25,
      26,
      27,
      28,
      29,
      30,
      31,
      32,
      33,
      34,
      35,
      36,
      37,
      38,
      39,
      40,
      41,
      42,
      43,
      44,
      45,
      46,
      47,
      48,
      49,
      50,
      51,
      52,
      53,
      54,
      55,
      56,
      57,
      58,
      59,
      60,
      61,
      62,
      63,
      64,
      65,
      66,
      67,
      68,
      69,
      70,
      71,
      72,
      73,
      74,
      75,
      76,
      77,
      78,
      79,
      80,
      81,
      82,
      83,
      84,
      85,
      86,
      87,
      88,
      89,
      90,
      91,
      92,
      93,
      94,
      95,
      96,
      97,
      98,
      99,
      100,
      101,
      102,
      103,
      104,
      105,
      106,
      107,
      108,
      109,
      110,
      111,
      112,
      113,
      114,
      115,
      116,
      117,
      118,
      119,
      120,
      121,
      122,
      123,
      124,
      125
    ],
    "z_tray_history": [
      18.889999389648438,
      15.420000076293945,
      15.59000015258789,
      15.569999694824219,
      14.579999923706055,
      15.720000267028809,
      18.959999084472656,
      15.600000381469727,
      15.600000381469727,
      15.479999542236328,
      15.420000076293945,
      15.579999923706055,
      15.460000038146973,
      18.8799991607666,
      15.720000267028809,
      15.470000267028809,
      15.550000190734863,
      15.539999961853027,
      15.710000038146973,
      15.649999618530273,
      15.520000457763672,
      15.489999771118164,
      15.59000015258789,
      15.449999809265137,
      15.649999618530273,
      18.579999923706055,
      15.470000267028809,
      18.709999084472656,
      18.520000457763672,
      15.529999732971191,
      14.619999885559082,
      16.149999618530273,
      18.530000686645508,
      14.600000381469727,
      15.539999961853027,
      18.639999389648438,
      14.529999732971191,
      14.460000038146973,
      15.529999732971191,
      15.430000305175781,
      15.680000305175781,
      15.470000267028809,
      15.539999961853027,
      16.200000762939453,
      15.760000228881836,
      15.449999809265137,
      15.65999984741211,
      15.65999984741211,
      15.65999984741211,
      15.65999984741211,
      15.65999984741211,
      15.65999984741211,
      15.65999984741211,
      15.65999984741211,
      15.65999984741211,
      15.65999984741211,
      15.65999984741211,
      15.65999984741211,
      15.65999984741211,
      15.65999984741211,
      15.65999984741211,
      15.65999984741211,
      15.65999984741211,
      15.65999984741211,
      15.65999984741211,
      15.65999984741211,
      15.65999984741211,
      15.65999984741211,
      15.65999984741211,
      15.65999984741211,
      15.579999923706055,
      15.600000381469727,
      15.529999732971191,
      15.520000457763672,
      15.520000457763672,
      15.4399995803833,
      14.470000267028809,
      15.510000228881836,
      15.40999984741211,
      15.539999961853027,
      19.479999542236328,
      19.440000534057617,
      14.59000015258789,
      15.510000228881836,
      19.3799991607666,
      19.389999389648438,
      19.469999313354492,
      19.469999313354492,
      19.459999084472656,
      19.40999984741211,
      19.5,
      15.5,
      18.549999237060547,
      19.65999984741211,
      18.68000030517578,
      19.399999618530273,
      15.449999809265137,
      19.420000076293945,
      14.5600004196167,
      18.479999542236328,
      19.399999618530273,
      15.369999885559082,
      15.5,
      19.450000762939453,
      15.460000038146973,
      19.420000076293945,
      15.420000076293945,
      18.600000381469727,
      19.440000534057617,
      18.510000228881836,
      18.670000076293945,
      18.520000457763672,
      18.440000534057617,
      18.59000015258789,
      18.5,
      19.450000762939453,
      19.3799991607666,
      18.65999984741211,
      19.760000228881836,
      18.690000534057617,
      19.690000534057617,
      18.540000915527344,
      15.40999984741211,
      19.40999984741211,
      18.530000686645508
    ],
    "cup_height_history": {
      "0": [
        0.0,
        9.34160449854079,
        8.669440937437644,
        8.232442633255484,
        7.72176704497595,
        7.489704058309547,
        0.0,
        7.44268308101835,
        7.818599778902831,
        7.807922607151744,
        7.806595926669884,
        7.720564716804953,
        7.731417385552875,
        0.0,
        7.990087875499585,
        7.93335182754098,
        7.792048692381748,
        7.709071936683271,
        7.5315414638541505,
        7.46000006161537,
        7.988063588068255,
        8.7876986187831,
        9.216224364657634,
        9.44770119030942,
        9.545598092295663,
        0.0,
        10.751458350527438,
        0.0,
        0.0,
        9.720697622097587,
        8.775494452043018,
        7.327633132425719,
        0.0,
        7.213435351883894,
        7.346161496215703,
        0.0,
        7.172484588904867,
        7.238365429259916,
        7.397493523115035,
        7.574676974232469,
        7.495531583930627,
        0.0,
        0.0,
        0.0,
        0.0,
        0.0,
        0.0,
        15.449267130402696,
        15.442979637965905,
        15.413742798134823,
        15.369588882497453,
        13.36661621218054,
        14.04524409406396,
        12.644116933308188,
        13.556757085486556,
        14.200273123896832,
        14.624846041300302,
        14.888243452738974,
        15.084601739921277,
        15.19965964171619,
        15.280734770319675,
        15.32714611147515,
        15.351025990789417,
        15.379122897217274,
        15.39738588639538,
        15.40925682936115,
        15.4169729422889,
        15.421988415691938,
        15.431535965840704,
        15.4377418734374,
        0.0,
        0.0,
        0.0,
        0.0,
        0.0,
        11.315334315978157,
        0.0,
        0.0,
        0.0,
        0.0,
        0.0,
        0.0,
        0.0,
        7.170286251292894,
        0.0,
        0.0,
        0.0,
        0.0,
        0.0,
        0.0,
        0.0,
        0.0,
        0.0,
        0.0,
        0.0,
        0.0,
        11.076041472913404,
        0.0,
        10.600681134833252,
        0.0,
        0.0,
        10.844345221773613,
        10.881086669263157,
        0.0,
        10.93981537270213,
        0.0,
        11.020730708416478,
        0.0,
        0.0,
        0.0,
        0.0,
        0.0,
        0.0,
        0.0,
        0.0,
        0.0,
        0.0,
        0.0,
        0.0,
        0.0,
        0.0,
        0.0,
        11.088279233911411,
        0.0,
        0.0
      ],