{
  "session_timestamp": "2026-04-22_15-15-32",
  "parameters": {
    "marker_size_cm": 1.5,
    "calibration_model": {
      "type": 3,
      "poly_m": [
        0.0016410211108108697,
        -0.08791564077612406,
        1.1764752922783035
      ],
      "poly_c": [
        0.0017061322400311627,
        -0.093364990589114,
        1.5092692780541346
      ]
    },
    "focal_length_px": 660.7725095621178
  },
  "summary": {
    "total_frames": 48,
    "midas_inferences": 48,
    "avg_cup_height_cm": 7.640690274081405,
    "min_cup_height_cm": 6.423396747002727,
    "max_cup_height_cm": 8.661214324844003,
    "std_dev_cup_height_cm": 0.9232137899338543,
    "avg_z_tray_cm": 21.59583333333333
  },
  "frame_metrics_history": {
    "frame_indices": [
      1,
      2,
      3,
      4,
      5,
      6,
      7,
      8,
      9,
      10,
      11,
      12,
      13,
      14,
      15,
      16,
      17,
      18,
      19,
      20,
      21,
      22,
      23,
      24,
      25,
      26,
      27,
      28,
      29,
      30,
      31,
      32,
      33,
      34,
      35,
      36,
      37,
      38,
      39,
      40,
      41,
      42,
      43,
      44,
      45,
      46,
      47,
      48
    ],
    "z_tray_history": [
      19.36,
      19.36,
      19.71,
      19.98,
      19.48,
      19.77,
      20.15,
      20.03,
      19.83,
      20.36,
      19.72,
      19.72,
      19.72,
      19.72,
      20.33,
      20.0,
      20.13,
      19.74,
      20.05,
      19.64,
      19.84,
      19.62,
      19.22,
      19.22,
      20.23,
      20.23,
      20.23,
      24.13,
      24.0,
      23.77,
      23.76,
      23.66,
      23.85,
      23.91,
      23.98,
      23.71,
      24.38,
      23.86,
      23.75,
      23.81,
      23.59,
      23.72,
      23.43,
      23.84,
      24.05,
      23.86,
      24.2,
      23.95
    ],
    "cup_height_history": [
      8.661214324844003,
      8.657738371715121,
      8.589883844637392,
      8.481189734429584,
      8.519365602093066,
      8.486536321887213,
      8.389103957176717,
      8.355303830895005,
      8.380545253395656,
      8.285509417286365,
      8.35609530405121,
      8.39052469784676,
      8.433777517011144,
      8.46242663870558,
      8.354375881162548,
      8.34039709357638,
      8.31307858486483,
      8.372495966517459,
      8.349085492731568,
      8.399396309014543,
      8.404330986720893,
      8.457345940459097,
      8.589011978749895,
      8.649232566526198,
      8.473472565810233,
      8.3358972353534,
      8.26308269004393,
      7.587281700458792,
      7.1627580651666385,
      6.910926443928368,
      6.747847504731254,
      6.653429530054703,
      6.569665778021051,
      6.612796497356276,
      6.535277970015029,
      6.513214028437838,
      6.430466017272659,
      6.423396747002727,
      6.4316386420356935,
      6.506258722280731,
      6.502249150322319,
      6.482551490048216,
      6.500960715450228,
      6.464166883513117,
      6.494168543640004,
      6.557603780435181,
      6.474283133701325,
      6.441773704529492
    ]
  },
  "screenshots": [
    "screenshots/fusion_2026-04-22_151530.jpg"
  ]
}