{
  "session_timestamp": "2026-04-20_16-57-10",
  "parameters": {
    "marker_size_cm": 1.5,
    "alpha": 1.0,
    "focal_length_px": 660.7725095621178
  },
  "summary": {
    "total_frames": 14,
    "midas_inferences": 14,
    "avg_cup_height_cm": 10.271766382922506,
    "min_cup_height_cm": 9.628192732979674,
    "max_cup_height_cm": 10.86561906754542,
    "std_dev_cup_height_cm": 0.36874708440123205,
    "avg_z_tray_cm": 24.452857142857145
  },
  "frame_metrics_history": {
    "frame_indices": [
      1,
      2,
      3,
      4,
      5,
      6,
      7,
      8,
      9,
      10,
      11,
      12,
      13,
      14
    ],
    "z_tray_history": [
      24.26,
      24.88,
      24.73,
      24.73,
      24.73,
      23.7,
      24.65,
      24.48,
      24.34,
      24.32,
      24.32,
      24.36,
      24.55,
      24.29
    ],
    "cup_height_history": [
      10.543375527426162,
      10.86561906754542,
      10.763606901000802,
      10.648672978848708,
      10.171317998774342,
      9.928811488030927,
      9.628192732979674,
      9.695618730513157,
      9.864635590698052,
      10.298035036945427,
      10.42126650117044,
      10.212071736004493,
      10.344008066442814,
      10.41949700453466
    ]
  },
  "screenshots": []
}