{
  "session_timestamp": "2026-04-21_10-59-03",
  "parameters": {
    "marker_size_cm": 1.5,
    "K_factor": 0.808157483623759,
    "focal_length_px": 660.7725095621178
  },
  "summary": {
    "total_frames": 47,
    "midas_inferences": 45,
    "avg_cup_height_cm": 8.831252130766684,
    "min_cup_height_cm": 7.843531741830363,
    "max_cup_height_cm": 9.25044132407892,
    "std_dev_cup_height_cm": 0.25777117837121116,
    "avg_z_tray_cm": 20.275333333333332
  },
  "frame_metrics_history": {
    "frame_indices": [
      3,
      4,
      5,
      6,
      7,
      8,
      9,
      10,
      11,
      12,
      13,
      14,
      15,
      16,
      17,
      18,
      19,
      20,
      21,
      22,
      23,
      24,
      25,
      26,
      27,
      28,
      29,
      30,
      31,
      32,
      33,
      34,
      35,
      36,
      37,
      38,
      39,
      40,
      41,
      42,
      43,
      44,
      45,
      46,
      47
    ],
    "z_tray_history": [
      20.13,
      20.72,
      20.35,
      20.57,
      20.21,
      20.15,
      20.15,
      20.36,
      20.36,
      20.36,
      20.36,
      20.36,
      20.36,
      20.36,
      20.34,
      20.34,
      20.27,
      20.45,
      20.45,
      20.9,
      20.75,
      20.75,
      20.27,
      20.27,
      20.27,
      20.42,
      20.67,
      19.91,
      19.91,
      19.91,
      19.91,
      20.1,
      20.5,
      20.28,
      20.11,
      20.44,
      20.04,
      20.04,
      20.32,
      20.14,
      20.14,
      20.14,
      19.85,
      19.85,
      19.85
    ],
    "cup_height_history": [
      7.843531741830363,
      8.213255504807133,
      8.426741744069513,
      8.682463247113496,
      8.798742743220837,
      8.95547845685862,
      8.986835978091737,
      8.997493256480606,
      8.976051949894895,
      9.05490581541962,
      9.05844315807815,
      8.907358353972024,
      8.865346232228227,
      8.89069746269467,
      8.837937241361555,
      8.819356636312957,
      8.864037110306525,
      8.807979906935167,
      8.810581039671158,
      8.919875998149804,
      9.009671810729106,
      9.101124339989118,
      9.129604735920122,
      9.158436870104154,
      9.162274236173298,
      9.168135319099754,
      9.25044132407892,
      9.115560384003594,
      9.06408175891633,
      9.01646853449556,
      8.911949512325165,
      8.783120953754917,
      8.762396999367931,
      8.74619229948894,
      8.697743253385877,
      8.733740840288714,
      8.656247470702617,
      8.575939952117565,
      8.734366096261235,
      8.717970040854706,
      8.678355716979093,
      8.588650165879068,
      8.563959316479458,
      8.652548661142133,
      8.710251714466368
    ]
  },
  "screenshots": []
}