{
  "session_timestamp": "2026-04-21_10-03-40",
  "parameters": {
    "marker_size_cm": 1.5,
    "alpha": 1.08,
    "focal_length_px": 660.7725095621178
  },
  "summary": {
    "total_frames": 57,
    "midas_inferences": 18,
    "avg_cup_height_cm": 7.318900094465393,
    "min_cup_height_cm": 4.409206296474368,
    "max_cup_height_cm": 11.717309745675408,
    "std_dev_cup_height_cm": 2.1800645119285202,
    "avg_z_tray_cm": 22.509473684210526
  },
  "frame_metrics_history": {
    "frame_indices": [
      1,
      2,
      3,
      4,
      5,
      6,
      7,
      8,
      9,
      10,
      11,
      12,
      13,
      14,
      15,
      16,
      17,
      18,
      19,
      20,
      21,
      22,
      23,
      24,
      25,
      26,
      27,
      28,
      29,
      30,
      31,
      32,
      33,
      34,
      35,
      36,
      37,
      38,
      39,
      40,
      41,
      42,
      43,
      44,
      45,
      46,
      47,
      48,
      49,
      50,
      51,
      52,
      53,
      54,
      55,
      56,
      57
    ],
    "z_tray_history": [
      23.83,
      24.14,
      23.86,
      24.0,
      24.11,
      23.77,
      23.97,
      23.92,
      24.11,
      24.11,
      23.95,
      24.01,
      23.81,
      23.9,
      23.96,
      23.96,
      23.83,
      23.96,
      23.98,
      23.66,
      23.95,
      24.12,
      24.38,
      23.91,
      23.98,
      24.33,
      23.91,
      24.49,
      23.97,
      24.56,
      24.21,
      24.34,
      23.77,
      23.94,
      23.9,
      24.0,
      24.12,
      24.12,
      21.59,
      19.32,
      19.28,
      19.36,
      19.43,
      19.37,
      19.49,
      19.44,
      19.34,
      19.37,
      19.33,
      19.34,
      19.25,
      19.44,
      19.26,
      19.41,
      19.31,
      19.57,
      19.3
    ],
    "cup_height_history": [
      0.0,
      0.0,
      0.0,
      0.0,
      0.0,
      0.0,
      0.0,
      0.0,
      0.0,
      0.0,
      0.0,
      0.0,
      0.0,
      0.0,
      0.0,
      0.0,
      0.0,
      0.0,
      0.0,
      11.717309745675408,
      11.300568069884399,
      10.69414695726512,
      8.600451337254448,
      8.426757649112485,
      8.429567492884372,
      7.002998709498945,
      7.412612337248532,
      8.206996569942634,
      6.67748951010549,
      5.528673579124885,
      4.78234463939446,
      4.409206296474368,
      4.827660160364466,
      5.165819698198709,
      5.482117186842249,
      0.0,
      6.50088544642238,
      6.574596314683719,
      0.0,
      0.0,
      0.0,
      0.0,
      0.0,
      0.0,
      0.0,
      0.0,
      0.0,
      0.0,
      0.0,
      0.0,
      0.0,
      0.0,
      0.0,
      0.0,
      0.0,
      0.0,
      0.0
    ]
  },
  "screenshots": []
}