{
  "session_timestamp": "2026-04-23_14-59-46",
  "parameters": {
    "marker_size_cm": 1.5,
    "calibration_model": {
      "type": 5,
      "poly_Kgeom": [
        -0.00031417335428805473,
        0.009889147741463575,
        0.6166547687141924
      ]
    },
    "focal_length_px": 660.7725095621178
  },
  "summary": {
    "total_frames": 21,
    "midas_inferences": 21,
    "avg_cup_height_cm": 7.620786441175403,
    "min_cup_height_cm": 7.515660922172316,
    "max_cup_height_cm": 7.681855819862935,
    "std_dev_cup_height_cm": 0.04175207095539462,
    "avg_z_tray_cm": 18.987142857142857
  },
  "frame_metrics_history": {
    "frame_indices": [
      1,
      2,
      3,
      4,
      5,
      6,
      7,
      8,
      9,
      10,
      11,
      12,
      13,
      14,
      15,
      16,
      17,
      18,
      19,
      20,
      21
    ],
    "z_tray_history": [
      19.21,
      18.98,
      18.8,
      18.75,
      19.16,
      18.89,
      19.23,
      18.62,
      19.29,
      19.1,
      18.93,
      19.04,
      18.95,
      18.95,
      18.94,
      18.91,
      18.91,
      18.91,
      18.85,
      19.09,
      19.22
    ],
    "cup_height_history": [
      7.670444279422863,
      7.681855819862935,
      7.658195695030468,
      7.601751006637902,
      7.654279302012468,
      7.6246786567207625,
      7.636286675865133,
      7.563400781634071,
      7.646634050736861,
      7.64050744781085,
      7.614099643106713,
      7.646302676870038,
      7.620509701310554,
      7.645373790149953,
      7.618584506390755,
      7.638751756097092,
      7.6103139968555436,
      7.515660922172316,
      7.522363921474981,
      7.600334886101724,
      7.62618574841945
    ]
  },
  "screenshots": []
}