{
  "session_timestamp": "2026-04-22_11-33-02",
  "parameters": {
    "marker_size_cm": 1.5,
    "calibration_model": {
      "type": 1,
      "K": 0.7938792253065167
    },
    "focal_length_px": 660.7725095621178
  },
  "summary": {
    "total_frames": 165,
    "midas_inferences": 165,
    "avg_cup_height_cm": 8.31695075898905,
    "min_cup_height_cm": 5.0308895700293625,
    "max_cup_height_cm": 11.7276990811189,
    "std_dev_cup_height_cm": 1.6871153549492979,
    "avg_z_tray_cm": 24.6170303030303
  },
  "frame_metrics_history": {
    "frame_indices": [
      1,
      2,
      3,
      4,
      5,
      6,
      7,
      8,
      9,
      10,
      11,
      12,
      13,
      14,
      15,
      16,
      17,
      18,
      19,
      20,
      21,
      22,
      23,
      24,
      25,
      26,
      27,
      28,
      29,
      30,
      31,
      32,
      33,
      34,
      35,
      36,
      37,
      38,
      39,
      40,
      41,
      42,
      43,
      44,
      45,
      46,
      47,
      48,
      49,
      50,
      51,
      52,
      53,
      54,
      55,
      56,
      57,
      58,
      59,
      60,
      61,
      62,
      63,
      64,
      65,
      66,
      67,
      68,
      69,
      70,
      71,
      72,
      73,
      74,
      75,
      76,
      77,
      78,
      79,
      80,
      81,
      82,
      83,
      84,
      85,
      86,
      87,
      88,
      89,
      90,
      91,
      92,
      93,
      94,
      95,
      96,
      97,
      98,
      99,
      100,
      101,
      102,
      103,
      104,
      105,
      106,
      107,
      108,
      109,
      110,
      111,
      112,
      113,
      114,
      115,
      116,
      117,
      118,
      119,
      120,
      121,
      122,
      123,
      124,
      125,
      126,
      127,
      128,
      129,
      130,
      131,
      132,
      133,
      134,
      135,
      136,
      137,
      138,
      139,
      140,
      141,
      142,
      143,
      144,
      145,
      146,
      147,
      148,
      149,
      150,
      151,
      152,
      153,
      154,
      155,
      156,
      157,
      158,
      159,
      160,
      161,
      162,
      163,
      164,
      165
    ],
    "z_tray_history": [
      24.46,
      24.3,
      24.45,
      24.25,
      24.84,
      24.71,
      24.59,
      24.7,
      24.44,
      24.23,
      24.43,
      24.8,
      24.63,
      25.22,
      24.59,
      24.26,
      24.48,
      24.52,
      24.65,
      24.59,
      24.39,
      24.41,
      24.64,
      24.62,
      24.77,
      24.66,
      24.6,
      24.76,
      24.46,
      24.73,
      24.59,
      24.61,
      24.62,
      24.71,
      24.26,
      24.73,
      24.43,
      24.35,
      24.45,
      24.62,
      24.62,
      24.51,
      24.52,
      24.57,
      24.7,
      24.84,
      24.92,
      24.89,
      24.57,
      24.58,
      24.76,
      24.35,
      24.35,
      24.21,
      24.6,
      24.51,
      24.45,
      24.41,
      24.41,
      24.83,
      24.42,
      24.72,
      24.44,
      24.37,
      24.54,
      24.6,
      24.8,
      24.4,
      24.7,
      24.3,
      24.68,
      24.58,
      24.5,
      24.72,
      25.04,
      24.13,
      25.19,
      24.5,
      24.86,
      25.01,
      24.96,
      24.73,
      24.99,
      24.79,
      24.73,
      24.69,
      24.63,
      25.09,
      24.62,
      24.62,
      24.71,
      25.59,
      24.9,
      24.48,
      24.91,
      24.91,
      24.79,
      24.78,
      25.12,
      24.79,
      24.63,
      24.64,
      24.67,
      24.63,
      24.7,
      25.26,
      24.64,
      24.57,
      24.41,
      24.69,
      24.82,
      24.91,
      24.66,
      25.22,
      24.57,
      24.94,
      24.62,
      24.26,
      24.6,
      24.8,
      25.09,
      24.89,
      24.91,
      24.81,
      25.31,
      24.68,
      25.05,
      24.53,
      24.45,
      24.8,
      24.48,
      24.59,
      24.73,
      25.18,
      24.84,
      25.01,
      24.74,
      24.58,
      24.85,
      25.08,
      24.86,
      24.77,
      24.76,
      24.83,
      24.24,
      24.29,
      24.29,
      24.04,
      24.21,
      24.43,
      23.92,
      24.23,
      24.1,
      24.18,
      24.18,
      24.27,
      24.21,
      24.21,
      24.27,
      24.24,
      24.13,
      24.15,
      24.22,
      24.3,
      24.16
    ],