{
  "session_timestamp": "2026-04-23_14-45-33",
  "parameters": {
    "marker_size_cm": 1.5,
    "calibration_model": {
      "type": 5,
      "poly_Kgeom": [
        -0.0049886726886852915,
        0.22698329434143288,
        -1.682130688333965
      ]
    },
    "focal_length_px": 660.7725095621178
  },
  "summary": {
    "total_frames": 44,
    "midas_inferences": 44,
    "avg_cup_height_cm": 10.100401472858367,
    "min_cup_height_cm": 10.059142235128808,
    "max_cup_height_cm": 10.153340138971283,
    "std_dev_cup_height_cm": 0.02178110119107541,
    "avg_z_tray_cm": 23.198409090909088
  },
  "frame_metrics_history": {
    "frame_indices": [
      1,
      2,
      3,
      4,
      5,
      6,
      7,
      8,
      9,
      10,
      11,
      12,
      13,
      14,
      15,
      16,
      17,
      18,
      19,
      20,
      21,
      22,
      23,
      24,
      25,
      26,
      27,
      28,
      29,
      30,
      31,
      32,
      33,
      34,
      35,
      36,
      37,
      38,
      39,
      40,
      41,
      42,
      43,
      44
    ],
    "z_tray_history": [
      23.15,
      23.11,
      23.16,
      23.02,
      23.15,
      23.28,
      23.35,
      23.11,
      23.21,
      23.25,
      23.21,
      23.04,
      23.42,
      23.28,
      23.28,
      23.23,
      23.24,
      23.0,
      23.48,
      23.06,
      23.03,
      23.25,
      23.27,
      23.07,
      23.09,
      23.2,
      23.16,
      23.22,
      22.98,
      23.23,
      23.2,
      23.26,
      23.11,
      23.37,
      23.19,
      23.09,
      23.27,
      23.4,
      23.4,
      23.23,
      23.18,
      23.17,
      23.11,
      23.22
    ],
    "cup_height_history": [
      10.078692046150305,
      10.073191198717293,
      10.076481594013686,
      10.059142235128808,
      10.065984668986331,
      10.0878607608688,
      10.122283834688528,
      10.112532240544386,
      10.108817832023153,
      10.100676034987956,
      10.090062323800005,
      10.059824622511204,
      10.101847596044585,
      10.122249696975501,
      10.12443302906176,
      10.119230638946256,
      10.117181598711847,
      10.082750575361416,
      10.135366976025482,
      10.103063205881995,
      10.077837640214355,
      10.091604566877043,
      10.114271516306449,
      10.090752526164938,
      10.078255886446232,
      10.085193430960086,
      10.095310880330402,
      10.0989646380039,
      10.068046991131093,
      10.093637055447747,
      10.106235963013479,
      10.111387792964225,
      10.083437054869092,
      10.110863859782782,
      10.105039767023587,
      10.087542593004354,
      10.10055731257943,
      10.125803644121945,
      10.153340138971283,
      10.14907760154387,
      10.128525781930488,
      10.113810116384865,
      10.096017944369757,
      10.110477393897574
    ]
  },
  "screenshots": []
}