{
  "session_timestamp": "2026-04-21_10-34-59",
  "parameters": {
    "marker_size_cm": 1.5,
    "alpha": 1.08,
    "focal_length_px": 660.7725095621178
  },
  "summary": {
    "total_frames": 16,
    "midas_inferences": 14,
    "avg_cup_height_cm": 2.6569565697294983,
    "min_cup_height_cm": 2.513401094174518,
    "max_cup_height_cm": 2.8235107425158206,
    "std_dev_cup_height_cm": 0.07820702305116503,
    "avg_z_tray_cm": 20.22357142857143
  },
  "frame_metrics_history": {
    "frame_indices": [
      3,
      4,
      5,
      6,
      7,
      8,
      9,
      10,
      11,
      12,
      13,
      14,
      15,
      16
    ],
    "z_tray_history": [
      20.14,
      20.12,
      20.27,
      20.27,
      20.15,
      19.87,
      20.3,
      20.34,
      20.34,
      20.39,
      20.39,
      20.48,
      20.09,
      19.98
    ],
    "cup_height_history": [
      2.732032689531877,
      2.7234499125396057,
      2.8235107425158206,
      2.6685286468827645,
      2.560104838090995,
      2.60827096327452,
      2.703111800835291,
      2.7081134073222852,
      2.6217358415796337,
      2.513401094174518,
      2.576193904754059,
      2.6699958616153734,
      2.6102235570216075,
      2.678718716074628
    ]
  },
  "screenshots": []
}