{
  "session_timestamp": "2026-04-22_13-40-36",
  "parameters": {
    "marker_size_cm": 1.5,
    "calibration_model": {
      "type": 2,
      "m": 0.13702324910417682,
      "c": 0.11043249516543571
    },
    "focal_length_px": 660.7725095621178
  },
  "summary": {
    "total_frames": 123,
    "midas_inferences": 120,
    "avg_cup_height_cm": 7.586577305339651,
    "min_cup_height_cm": 7.203028511992633,
    "max_cup_height_cm": 10.120046127795378,
    "std_dev_cup_height_cm": 0.6124998819003186,
    "avg_z_tray_cm": 24.625121951219512
  },
  "frame_metrics_history": {
    "frame_indices": [
      1,
      2,
      3,
      4,
      5,
      6,
      7,
      8,
      9,
      10,
      11,
      12,
      13,
      14,
      15,
      16,
      17,
      18,
      19,
      20,
      21,
      22,
      23,
      24,
      25,
      26,
      27,
      28,
      29,
      30,
      31,
      32,
      33,
      34,
      35,
      36,
      37,
      38,
      39,
      40,
      41,
      42,
      43,
      44,
      45,
      46,
      47,
      48,
      49,
      50,
      51,
      52,
      53,
      54,
      55,
      56,
      57,
      58,
      59,
      60,
      61,
      62,
      63,
      64,
      65,
      66,
      67,
      68,
      69,
      70,
      71,
      72,
      73,
      74,
      75,
      76,
      77,
      78,
      79,
      80,
      81,
      82,
      83,
      84,
      85,
      86,
      87,
      88,
      89,
      90,
      91,
      92,
      93,
      94,
      95,
      96,
      97,
      98,
      99,
      100,
      101,
      102,
      103,
      104,
      105,
      106,
      107,
      108,
      109,
      110,
      111,
      112,
      113,
      114,
      115,
      116,
      117,
      118,
      119,
      120,
      121,
      122,
      123
    ],
    "z_tray_history": [
      24.65,
      24.4,
      24.52,
      24.27,
      24.38,
      24.34,
      24.57,
      24.48,
      24.3,
      24.46,
      25.95,
      24.61,
      24.13,
      24.7,
      24.44,
      24.75,
      24.75,
      24.29,
      25.15,
      24.55,
      24.42,
      24.55,
      24.7,
      24.61,
      24.54,
      24.76,
      24.51,
      24.6,
      24.41,
      24.2,
      24.49,
      24.32,
      24.44,
      24.74,
      24.62,
      24.5,
      24.4,
      24.59,
      25.56,
      25.5,
      24.6,
      24.34,
      24.34,
      24.66,
      24.34,
      24.39,
      24.62,
      24.3,
      24.24,
      24.5,
      25.5,
      24.4,
      24.74,
      25.14,
      24.19,
      24.53,
      24.52,
      24.51,
      25.95,
      24.51,
      24.55,
      24.21,
      24.21,
      24.55,
      24.54,
      24.2,
      24.26,
      24.39,
      24.37,
      24.69,
      24.42,
      24.09,
      24.82,
      24.5,
      24.29,
      24.25,
      24.31,
      24.69,
      24.39,
      24.27,
      25.87,
      24.41,
      24.76,
      24.29,
      25.91,
      24.41,
      24.52,
      24.36,
      24.9,
      25.53,
      24.69,
      24.68,
      24.36,
      24.62,
      24.55,
      24.48,
      24.61,
      24.36,
      24.21,
      24.41,
      24.46,
      24.25,
      24.27,
      24.45,
      24.36,
      24.69,
      26.95,
      24.57,
      25.59,
      24.9,
      24.44,
      24.38,
      24.52,
      24.43,
      24.81,
      24.66,
      24.64,
      24.75,
      24.91,
      24.81,
      25.59,
      24.57,
      25.49
    ],
    "cup_height_history": [
      10.120046127795378,
      9.92328372636074,
      9.661551526167266,
      9.60717390029825,
      9.43119621334971,
      9.546617541561208,
      9.637024013233763,
      9.48378879034855,
      9.359621095760156,
      0.0,
      0.0,
      0.0,
      8.333006486523296,
      8.23317459432903,
      8.057001438417045,
      7.839396011072514,
      7.708021587256985,
      7.590056242579822,
      7.538997267342917,
      7.477564920619923,
      7.420148075029851,
      7.361292819418255,
      7.381735342649723,
      7.390657627291784,
      7.375712542951857,
      7.462940295562472,
      7.476972423304312,
      7.508860970128005,
      7.577372631690775,
      7.6222083855192135,
      7.676677249048693,
      7.64644920160856,
      7.591913241384623,
      7.520843712701007,
      7.460936169988831,
      7.3884573534330364,
      7.388159177375199,
      7.429485520105754,
      7.481579511004542,
      7.554323278841185,
      7.5173743097119115,
      7.496338610901154,
      7.476431652423303,
      7.464733096379561,
      7.38104721944093,
      7.330255142083336,
      7.407033030808905,
      7.369911565960214,
      7.277038726488708,
      7.301201586742051,
      7.350649393164784,
      7.305175644682462,
      7.298614092006231,
      7.353807349180008,
      7.269913390192535,
      7.258009120135337,
      7.272939457005781,
      7.279308040308065,
      7.4187251997968575,
      7.3693688985160355,
      7.339200818368674,
      7.308360135850808,
      7.261769568287855,
      7.2771582731591495,
      7.283958030152725,
      7.32530003190376,
      7.312776645565055,
      7.307167062566492,
      7.2855743516744855,
      7.2614337510640325,
      7.249593053403766,
      7.203028511992633,
      7.270866532929823,
      7.326084742074409,
      7.307089824221867,
      7.301520142105865,
      7.300057429671099,
      7.3303331699143035,
      7.317166915567452,
      7.279089912476157,
      7.428140246360972,
      7.370445426056734,
      7.38961025337483,
      7.307855656175505,
      7.445391276258473,
      7.4461563632061,
      7.494638110840659,
      7.492222499025979,
      7.523771064727702,
      7.523026068192882,
      7.443803574397411,
      7.3632766568429115,
      7.376498270609304,
      7.3627841490352015,
      7.338924414634832,
      7.32222870352338,
      7.311687592145727,
      7.291127319511966,
      7.267361677570095,
      7.2308451309579365,
      7.282473313581999,
      7.283399167077421,
      7.254156416155754,
      7.312365826499246,
      7.3254246031514665,
      7.396816803276522,
      7.682921334424398,
      7.5686751109158354,
      7.620379790789745,
      7.591373227947479,
      7.501571130910907,
      7.400857039966809,
      7.39936116339153,
      7.356857105321517,
      7.376925368271358,
      7.349288965479307,
      7.318426764955305,
      7.3005168298729055,
      7.350863331332786,
      7.385400719629947,
      7.455042342356846,
      7.382898330808338,
      7.453836060259342
    ]
  },
  "screenshots": []
}